{
	"pages": [
		{
			"path": "pages/index/index",
			"style": {
				"usingComponents": {
					"SearchInput": "../../components/SearchInput/SearchInput",
					"Tab": "../../components/Tab/Tab",
					"ViewCard": "../../components/ViewCard/ViewCard"
				}
			}
		},
		{
			"path": "pages/classify/classify",
			"style": {
				"usingComponents": {
					"SearchInput": "../../components/SearchInput/SearchInput"
				}
			}
		},
		{
			"path": "pages/collection/collection",
			"style": {
				"usingComponents": {
					"Tab": "../../components/Tab/Tab",
					"ViewCard": "../../components/ViewCard/ViewCard"
				}
			}
		},
		{
			"path": "pages/me/me",
			"style": {
				"usingComponents": {}
			}
		},
		{
			"path": "pages/myPublish/myPublish",
			"style": {
				"usingComponents": {
					"Tab": "../../components/Tab/Tab",
					"ViewCard": "../../components/ViewCard/ViewCard"
				}
			}
		},
		{
			"path": "pages/myCollection/myCollection",
			"style": {
				"usingComponents": {
					"Tab": "../../components/Tab/Tab",
					"ViewCard": "../../components/ViewCard/ViewCard"
				}
			}
		},
		{
			"path": "pages/myInfo/myInfo",
			"style": {
				"usingComponents": {}
			}
		},
		{
			"path": "pages/infoDetail/infoDetail",
			"style": {
				"usingComponents": {}
			}
		},
		{
			"path": "pages/search/search",
			"style": {
				"usingComponents": {}
			}
		},
		{
			"path": "pages/publish/publish",
			"style": {
				"usingComponents": {}
			}
		},
		{
			"path": "pages/classifyList/classifyList",
			"style": {
				"usingComponents": {
					"Tab": "../../components/Tab/Tab",
					"ViewCard": "../../components/ViewCard/ViewCard"
				}
			}
		},
		{
			"path": "pages/searchResult/searchResult",
			"style": {
				"usingComponents": {
					"Tab": "../../components/Tab/Tab",
					"ViewCard": "../../components/ViewCard/ViewCard"
				}
			}
		},
		{
			"path": "pages/login/login",
			"style": {
				"usingComponents": {},
				"navigationBarTitleText": "登录"
			}
		},
		{
			"path": "pages/register/register",
			"style": {
				"usingComponents": {},
				"navigationBarTitleText": "注册"
			}
		}
	],
	"tabBar": {
		"custom": true,
		"list": [
			{
				"iconPath": "static/images/index.png",
				"pagePath": "pages/index/index",
				"selectedIconPath": "static/images/index_fill.png",
				"text": "首页"
			},
			{
				"iconPath": "static/images/classify.png",
				"pagePath": "pages/classify/classify",
				"selectedIconPath": "static/images/classify_fill.png",
				"text": "分类"
			},
			{
				"iconPath": "static/images/collection.png",
				"pagePath": "pages/collection/collection",
				"selectedIconPath": "static/images/collection_fill.png",
				"text": "收藏夹"
			},
			{
				"iconPath": "static/images/me.png",
				"pagePath": "pages/me/me",
				"selectedIconPath": "static/images/me_fill.png",
				"text": "我的"
			}
		]
	},
	"sitemapLocation": "sitemap.json",
	"style": "v2",
	"globalStyle": {
		"backgroundColor": "#F6F6F6",
		"backgroundTextStyle": "light",
		"navigationBarBackgroundColor": "#00BFFF",
		"navigationBarTitleText": "浙商大失物招领",
		"navigationBarTextStyle": "white"
	},
	"subPackages": []
}